{
  "n": 26685,
  "mean": 28422.353269627132,
  "median": 23012.0,
  "variance_sample": 639035925.6170957,
  "variance_population": 639011978.2337111,
  "std_dev_population": 25278.686244219876,
  "std_dev_sample": 25279.159907265424,
  "min": -9999.0,
  "max": 385068.0,
  "q1": 13004.0,
  "q2": 23012.0,
  "q3": 36200.0,
  "iqr": 23196.0,
  "cv_sample": 0.8894112203678572
}