{
  "n": 29214,
  "mean": 46489.46761826522,
  "median": 36000.0,
  "variance_sample": 1762121910.831283,
  "variance_population": 1762061593.1099567,
  "std_dev_population": 41976.9173845574,
  "std_dev_sample": 41977.63584137729,
  "min": -24998.0,
  "max": 425510.0,
  "q1": 22146.0,
  "q2": 36000.0,
  "q3": 55853.0,
  "iqr": 33707.0,
  "cv_sample": 0.9029493773958539
}