{
  "n": 55899,
  "mean": 37864.6094563409,
  "median": 29717.0,
  "variance_sample": 1307402975.2246745,
  "variance_population": 1307379586.5598464,
  "std_dev_population": 36157.704387306534,
  "std_dev_sample": 36158.02781160326,
  "min": -24998.0,
  "max": 425510.0,
  "q1": 17000.0,
  "q2": 29717.0,
  "q3": 46505.0,
  "iqr": 29505.0,
  "cv_sample": 0.9549293741770826
}