{
  "n": 200,
  "data": [
    56.0,
    49.0,
    52.0,
    54.0,
    53.0,
    51.0,
    42.0,
    49.0,
    54.0,
    49.0,
    50.0,
    47.0,
    52.0,
    52.0,
    45.0,
    46.0,
    46.0,
    47.0,
    47.0,
    55.0,
    45.0,
    47.0,
    46.0,
    34.0,
    57.0,
    52.0,
    48.0,
    52.0,
    51.0,
    53.0,
    42.0,
    47.0,
    57.0,
    46.0,
    53.0,
    53.0,
    47.0,
    51.0,
    49.0,
    51.0,
    50.0,
    63.0,
    49.0,
    53.0,
    50.0,
    44.0,
    44.0,
    57.0,
    50.0,
    44.0,
    48.0,
    50.0,
    58.0,
    50.0,
    52.0,
    53.0,
    50.0,
    49.0,
    59.0,
    50.0,
    46.0,
    48.0,
    51.0,
    60.0,
    48.0,
    58.0,
    52.0,
    55.0,
    47.0,
    50.0,
    54.0,
    43.0,
    51.0,
    48.0,
    51.0,
    46.0,
    54.0,
    53.0,
    45.0,
    46.0,
    50.0,
    48.0,
    40.0,
    47.0,
    62.0,
    55.0,
    60.0,
    47.0,
    59.0,
    56.0,
    48.0,
    45.0,
    51.0,
    50.0,
    47.0,
    54.0,
    57.0,
    55.0,
    51.0,
    40.0,
    55.0,
    54.0,
    50.0,
    58.0,
    47.0,
    60.0,
    50.0,
    46.0,
    51.0,
    55.0,
    48.0,
    44.0,
    50.0,
    51.0,
    47.0,
    45.0,
    56.0,
    56.0,
    48.0,
    47.0,
    49.0,
    46.0,
    48.0,
    53.0,
    54.0,
    57.0,
    51.0,
    51.0,
    58.0,
    42.0,
    46.0,
    54.0,
    51.0,
    47.0,
    51.0,
    50.0,
    43.0,
    54.0,
    51.0,
    48.0,
    51.0,
    54.0,
    58.0,
    56.0,
    46.0,
    57.0,
    56.0,
    44.0,
    55.0,
    57.0,
    59.0,
    46.0,
    58.0,
    54.0,
    48.0,
    49.0,
    48.0,
    51.0,
    51.0,
    51.0,
    48.0,
    56.0,
    48.0,
    50.0,
    45.0,
    48.0,
    54.0,
    45.0,
    51.0,
    40.0,
    41.0,
    57.0,
    49.0,
    48.0,
    50.0,
    52.0,
    49.0,
    54.0,
    47.0,
    49.0,
    55.0,
    50.0,
    45.0,
    50.0,
    52.0,
    49.0,
    51.0,
    56.0,
    52.0,
    48.0,
    58.0,
    48.0,
    54.0,
    45.0,
    47.0,
    51.0,
    60.0,
    49.0,
    55.0,
    48.0
  ],
  "stats": {
    "n": 200,
    "mean": 50.515,
    "median": 50.0,
    "variance_sample": 21.989723618090437,
    "variance_population": 21.879774999999984,
    "std_dev_population": 4.677582174585496,
    "std_dev_sample": 4.689320165875906,
    "min": 34.0,
    "max": 63.0,
    "q1": 47.0,
    "q2": 50.0,
    "q3": 54.0,
    "iqr": 7.0,
    "cv_sample": 0.09283025172475316
  }
}