{
  "xs": [
    1.0,
    2.0,
    3.0,
    4.0,
    5.0,
    6.0,
    7.0,
    8.0,
    9.0,
    10.0,
    11.0,
    12.0,
    13.0,
    14.0,
    15.0,
    16.0,
    17.0,
    18.0,
    19.0,
    20.0,
    21.0,
    22.0,
    23.0,
    24.0,
    25.0,
    26.0,
    27.0,
    28.0,
    29.0,
    30.0,
    31.0,
    32.0,
    33.0,
    34.0,
    35.0,
    36.0,
    37.0,
    38.0,
    39.0,
    40.0,
    41.0,
    42.0,
    43.0,
    44.0,
    45.0,
    46.0,
    47.0,
    48.0,
    49.0,
    50.0,
    51.0,
    52.0,
    53.0,
    54.0,
    55.0,
    56.0,
    57.0,
    58.0,
    59.0,
    60.0,
    61.0,
    62.0,
    63.0,
    64.0,
    65.0,
    66.0,
    67.0,
    68.0,
    69.0,
    70.0,
    71.0,
    72.0,
    73.0,
    74.0,
    75.0,
    76.0,
    77.0,
    78.0,
    79.0,
    80.0,
    81.0,
    82.0,
    83.0,
    84.0,
    85.0,
    86.0,
    87.0,
    88.0,
    89.0,
    90.0,
    91.0,
    92.0,
    93.0,
    94.0,
    95.0,
    96.0,
    97.0,
    98.0,
    99.0,
    100.0
  ],
  "ys": [
    1.0,
    4.5,
    3.3333333333333335,
    5.5,
    3.6,
    3.5,
    4.428571428571429,
    3.0,
    3.2222222222222223,
    3.9,
    4.090909090909091,
    3.1666666666666665,
    3.8461538461538463,
    3.2142857142857144,
    3.8,
    4.0,
    3.0,
    3.888888888888889,
    2.789473684210526,
    3.65,
    3.4761904761904763,
    3.1818181818181817,
    3.9565217391304346,
    3.0833333333333335,
    2.84,
    3.576923076923077,
    3.5925925925925926,
    3.6785714285714284,
    3.586206896551724,
    3.466666666666667,
    3.129032258064516,
    3.5,
    3.6363636363636362,
    3.5,
    3.085714285714286,
    3.6944444444444446,
    3.4594594594594597,
    3.263157894736842,
    4.17948717948718,
    3.9,
    3.2439024390243905,
    3.380952380952381,
    2.953488372093023,
    3.75,
    3.533333333333333,
    3.782608695652174,
    3.382978723404255,
    3.375,
    3.3469387755102042,
    3.76,
    3.5294117647058822,
    3.673076923076923,
    3.150943396226415,
    3.611111111111111,
    3.3454545454545452,
    3.5714285714285716,
    3.7017543859649122,
    3.4482758620689653,
    3.694915254237288,
    3.55,
    3.6065573770491803,
    3.3870967741935485,
    3.7936507936507935,
    3.6875,
    3.3230769230769233,
    3.8636363636363638,
    3.537313432835821,
    3.4705882352941178,
    3.391304347826087,
    3.6,
    3.2253521126760565,
    3.5277777777777777,
    3.136986301369863,
    3.418918918918919,
    3.6933333333333334,
    3.763157894736842,
    3.3506493506493507,
    3.4871794871794872,
    3.4177215189873418,
    3.425,
    3.45679012345679,
    3.4878048780487805,
    3.4457831325301207,
    3.2261904761904763,
    3.447058823529412,
    3.5348837209302326,
    3.735632183908046,
    3.6363636363636362,
    3.1797752808988764,
    3.0555555555555554,
    3.4615384615384617,
    3.4565217391304346,
    3.3440860215053765,
    3.021276595744681,
    3.336842105263158,
    3.6666666666666665,
    3.422680412371134,
    3.295918367346939,
    3.898989898989899,
    3.67
  ],
  "reference_y": 3.5
}