{
  "n": 50,
  "sample": [
    58151.0,
    33421.0,
    18000.0,
    8850.0,
    15288.0,
    30000.0,
    30007.0,
    30051.0,
    90202.0,
    47000.0,
    4921.0,
    60201.0,
    12240.0,
    17500.0,
    31150.0,
    38915.0,
    30175.0,
    39250.0,
    2769.0,
    15404.0,
    32606.0,
    37015.0,
    71690.0,
    26040.0,
    47068.0,
    60002.0,
    28300.0,
    92052.0,
    5000.0,
    32000.0,
    53008.0,
    57019.0,
    18000.0,
    31615.0,
    17506.0,
    28186.0,
    18000.0,
    21519.0,
    49355.0,
    75000.0,
    31200.0,
    8800.0,
    50030.0,
    53000.0,
    42000.0,
    59766.0,
    50072.0,
    16000.0,
    28000.0,
    17644.0
  ],
  "sample_stats": {
    "n": 50,
    "mean": 35419.76,
    "median": 31175.0,
    "variance_sample": 449414967.8187755,
    "variance_population": 440426668.46239996,
    "std_dev_population": 20986.34480948028,
    "std_dev_sample": 21199.409610146588,
    "min": 2769.0,
    "max": 92052.0,
    "q1": 18000.0,
    "q2": 31175.0,
    "q3": 50030.0,
    "iqr": 32030.0,
    "cv_sample": 0.5985192900840262
  },
  "population_mean": 37864.6094563409,
  "sample_mean": 35419.76,
  "abs_diff": 2444.8494563408967
}