{
  "n": 50,
  "sample": [
    76179.0,
    239.0,
    65852.0,
    80000.0,
    50499.0,
    152615.0,
    12000.0,
    186681.0,
    104718.0,
    31020.0,
    27000.0,
    28000.0,
    8007.0,
    26433.0,
    16450.0,
    38002.0,
    247990.0,
    58001.0,
    24810.0,
    47108.0,
    40999.0,
    53150.0,
    16200.0,
    62600.0,
    20832.0,
    4000.0,
    20250.0,
    71500.0,
    44166.0,
    12000.0,
    55513.0,
    60050.0,
    111845.0,
    1752.0,
    33560.0,
    274277.0,
    69365.0,
    18458.0,
    38330.0,
    480.0,
    22332.0,
    28626.0,
    26025.0,
    37500.0,
    37005.0,
    76250.0,
    19222.0,
    140219.0,
    5020.0,
    36000.0
  ],
  "sample_stats": {
    "n": 50,
    "mean": 54382.6,
    "median": 37252.5,
    "variance_sample": 3346637392.612245,
    "variance_population": 3279704644.76,
    "std_dev_population": 57268.705631959245,
    "std_dev_sample": 57850.12871733515,
    "min": 239.0,
    "max": 274277.0,
    "q1": 20250.0,
    "q2": 37252.5,
    "q3": 65852.0,
    "iqr": 45602.0,
    "cv_sample": 1.0637617310929444
  },
  "population_mean": 37864.6094563409,
  "sample_mean": 54382.6,
  "abs_diff": 16517.9905436591
}