{
  "n": 100,
  "sample": [
    18000.0,
    46849.0,
    52004.0,
    22000.0,
    59524.0,
    41677.0,
    35000.0,
    51011.0,
    38000.0,
    69059.0,
    13500.0,
    79117.0,
    32019.0,
    16000.0,
    24000.0,
    32141.0,
    20000.0,
    41419.0,
    41938.0,
    59403.0,
    16039.0,
    30000.0,
    36353.0,
    101413.0,
    62000.0,
    21003.0,
    6063.0,
    49500.0,
    34000.0,
    23000.0,
    12000.0,
    33000.0,
    33450.0,
    39965.0,
    13014.0,
    23400.0,
    31142.0,
    55140.0,
    20400.0,
    42000.0,
    45016.0,
    65262.0,
    47111.0,
    29404.0,
    36400.0,
    52882.0,
    20800.0,
    49535.0,
    25930.0,
    29417.0,
    25000.0,
    28000.0,
    31025.0,
    84825.0,
    32000.0,
    11015.0,
    31000.0,
    16534.0,
    7920.0,
    58050.0,
    10858.0,
    27000.0,
    37000.0,
    1000.0,
    40405.0,
    28000.0,
    16000.0,
    21000.0,
    32081.0,
    18000.0,
    163749.0,
    99649.0,
    8781.0,
    31200.0,
    47015.0,
    18000.0,
    20800.0,
    100250.0,
    11024.0,
    1920.0,
    24844.0,
    16370.0,
    41000.0,
    40169.0,
    400.0,
    65000.0,
    35000.0,
    15000.0,
    55766.0,
    43400.0,
    30000.0,
    10400.0,
    34100.0,
    25300.0,
    30293.0,
    50000.0,
    36020.0,
    50020.0,
    15084.0,
    3000.0
  ],
  "sample_stats": {
    "n": 100,
    "mean": 35575.67,
    "median": 31600.0,
    "variance_sample": 599032177.9203027,
    "variance_population": 593041856.1410998,
    "std_dev_population": 24352.450721459223,
    "std_dev_sample": 24475.133869302997,
    "min": 400.0,
    "max": 163749.0,
    "q1": 20200.0,
    "q2": 31600.0,
    "q3": 45932.5,
    "iqr": 25732.5,
    "cv_sample": 0.6879739403165983
  },
  "population_mean": 37864.6094563409,
  "sample_mean": 35575.67,
  "abs_diff": 2288.9394563409005
}