{
  "n": 10,
  "sample": [
    30000.0,
    78120.0,
    10025.0,
    24162.0,
    22802.0,
    23017.0,
    15081.0,
    15000.0,
    19000.0,
    31190.0
  ],
  "sample_stats": {
    "n": 10,
    "mean": 26839.7,
    "median": 22909.5,
    "variance_sample": 368812051.3444445,
    "variance_population": 331930846.2100001,
    "std_dev_population": 18218.969405814372,
    "std_dev_sample": 19204.47998109932,
    "min": 10025.0,
    "max": 78120.0,
    "q1": 15081.0,
    "q2": 22909.5,
    "q3": 30000.0,
    "iqr": 14919.0,
    "cv_sample": 0.715525135567809
  },
  "population_mean": 37864.6094563409,
  "sample_mean": 26839.7,
  "abs_diff": 11024.909456340898
}