{
  "n": 100,
  "sample": [
    37057.0,
    19110.0,
    29325.0,
    44000.0,
    26650.0,
    24177.0,
    31615.0,
    30000.0,
    27000.0,
    70205.0,
    40000.0,
    20450.0,
    34000.0,
    15000.0,
    28550.0,
    22500.0,
    25000.0,
    24000.0,
    71142.0,
    35980.0,
    81615.0,
    40000.0,
    3000.0,
    25000.0,
    32250.0,
    48000.0,
    2100.0,
    52650.0,
    23000.0,
    164999.0,
    29000.0,
    35000.0,
    65242.0,
    39500.0,
    21993.0,
    21668.0,
    20590.0,
    30000.0,
    25000.0,
    32000.0,
    15001.0,
    8500.0,
    13001.0,
    53000.0,
    150806.0,
    31200.0,
    10200.0,
    27100.0,
    70001.0,
    22550.0,
    40237.0,
    5628.0,
    65162.0,
    20000.0,
    60144.0,
    31477.0,
    28039.0,
    16730.0,
    56000.0,
    21059.0,
    121858.0,
    8000.0,
    20600.0,
    17000.0,
    33613.0,
    8000.0,
    22018.0,
    92050.0,
    30404.0,
    30000.0,
    4012.0,
    24005.0,
    12495.0,
    92137.0,
    198966.0,
    27291.0,
    15000.0,
    22035.0,
    37597.0,
    50000.0,
    26000.0,
    11000.0,
    40000.0,
    47140.0,
    42100.0,
    40650.0,
    19050.0,
    22801.0,
    6000.0,
    21008.0,
    16640.0,
    47000.0,
    47050.0,
    29208.0,
    17300.0,
    35026.0,
    33000.0,
    23001.0,
    26765.0,
    704.0
  ],
  "sample_stats": {
    "n": 100,
    "mean": 36127.27,
    "median": 28294.5,
    "variance_sample": 1001286511.8354536,
    "variance_population": 991273646.7170992,
    "std_dev_population": 31484.498514619845,
    "std_dev_sample": 31643.111601665434,
    "min": 704.0,
    "max": 198966.0,
    "q1": 20595.0,
    "q2": 28294.5,
    "q3": 40118.5,
    "iqr": 19523.5,
    "cv_sample": 0.8758788472437977
  },
  "population_mean": 37864.6094563409,
  "sample_mean": 36127.27,
  "abs_diff": 1737.339456340902
}