{
  "n": 10,
  "sample": [
    15528.0,
    30485.0,
    29119.0,
    12000.0,
    25000.0,
    16700.0,
    30000.0,
    57370.0,
    34100.0,
    18300.0
  ],
  "sample_stats": {
    "n": 10,
    "mean": 26860.2,
    "median": 27059.5,
    "variance_sample": 171174847.73333332,
    "variance_population": 154057362.95999998,
    "std_dev_population": 12411.98465032889,
    "std_dev_sample": 13083.380592695961,
    "min": 12000.0,
    "max": 57370.0,
    "q1": 16700.0,
    "q2": 27059.5,
    "q3": 30485.0,
    "iqr": 13785.0,
    "cv_sample": 0.48709170418299047
  },
  "population_mean": 37864.6094563409,
  "sample_mean": 26860.2,
  "abs_diff": 11004.409456340898
}