{
  "n": 32,
  "mean": 105.4375,
  "median": 106.0,
  "variance_sample": 202.2540322580645,
  "variance_population": 195.93359375,
  "std_dev_population": 13.997628147296956,
  "std_dev_sample": 14.221604419265237,
  "min": 72.0,
  "max": 132.0,
  "q1": 97.0,
  "q2": 106.0,
  "q3": 114.0,
  "iqr": 17.0,
  "cv_sample": 0.1348818439290123
}