{
  "n": 46,
  "mean": 111.34782608695652,
  "median": 111.0,
  "variance_sample": 142.85410628019324,
  "variance_population": 139.74858223062384,
  "std_dev_population": 11.821530452129446,
  "std_dev_sample": 11.952159063541332,
  "min": 77.0,
  "max": 136.0,
  "q1": 106.0,
  "q2": 111.0,
  "q3": 119.0,
  "iqr": 13.0,
  "cv_sample": 0.10734074910638448
}