{
  "n": 78,
  "mean": 108.92307692307692,
  "median": 110.0,
  "variance_sample": 173.47452547452548,
  "variance_population": 171.25049309664695,
  "std_dev_population": 13.086271168543274,
  "std_dev_sample": 13.17097283705822,
  "min": 72.0,
  "max": 136.0,
  "q1": 103.0,
  "q2": 110.0,
  "q3": 118.0,
  "iqr": 15.0,
  "cv_sample": 0.12091994836282265
}