{
  "n": 32,
  "mean": 55.6875,
  "median": 60.0,
  "variance_sample": 156.93145161290323,
  "variance_population": 152.02734375,
  "std_dev_population": 12.32993689156599,
  "std_dev_sample": 12.527228409065719,
  "min": 21.0,
  "max": 72.0,
  "q1": 51.5,
  "q2": 60.0,
  "q3": 64.0,
  "iqr": 12.5,
  "cv_sample": 0.22495584124023738
}