{
  "n": 46,
  "mean": 57.84782608695652,
  "median": 59.0,
  "variance_sample": 153.55410628019325,
  "variance_population": 150.21597353497168,
  "std_dev_population": 12.256262625081582,
  "std_dev_sample": 12.391695052743723,
  "min": 20.0,
  "max": 80.0,
  "q1": 51.0,
  "q2": 59.0,
  "q3": 67.0,
  "iqr": 16.0,
  "cv_sample": 0.21421194003239805
}