{
  "n": 78,
  "mean": 56.96153846153846,
  "median": 59.5,
  "variance_sample": 154.06343656343657,
  "variance_population": 152.08826429980277,
  "std_dev_population": 12.332407076471437,
  "std_dev_sample": 12.412229314810316,
  "min": 20.0,
  "max": 80.0,
  "q1": 51.0,
  "q2": 59.5,
  "q3": 66.0,
  "iqr": 15.0,
  "cv_sample": 0.2179054437441379
}