{
  "n": 32,
  "mean": 7.683999999999998,
  "median": 7.827500000000001,
  "variance_sample": 2.8707146451612897,
  "variance_population": 2.7810048124999995,
  "std_dev_population": 1.667634496075204,
  "std_dev_sample": 1.6943183423315966,
  "min": 3.408,
  "max": 10.7,
  "q1": 6.324999999999999,
  "q2": 7.827500000000001,
  "q3": 8.968,
  "iqr": 2.6430000000000007,
  "cv_sample": 0.22049952398901573
}