{
  "n": 78,
  "mean": 7.446538461538464,
  "median": 7.829000000000001,
  "variance_sample": 4.408141446553447,
  "variance_population": 4.351626812623275,
  "std_dev_population": 2.086055323480965,
  "std_dev_sample": 2.0995574406415862,
  "min": 0.53,
  "max": 10.76,
  "q1": 6.231,
  "q2": 7.829000000000001,
  "q3": 8.998,
  "iqr": 2.7669999999999995,
  "cv_sample": 0.2819507951897176
}