{
  "n": 46,
  "mean": 7.281347826086956,
  "median": 7.8825,
  "variance_sample": 5.497223920772947,
  "variance_population": 5.377719052930056,
  "std_dev_population": 2.3189909557671964,
  "std_dev_sample": 2.344615943128628,
  "min": 0.53,
  "max": 10.76,
  "q1": 6.173,
  "q2": 7.8825,
  "q3": 9.167,
  "iqr": 2.9939999999999998,
  "cv_sample": 0.3220030136080781
}