{
  "n": 10,
  "data": [
    0.572367332097835,
    0.023436681558884634,
    0.15962969925386214,
    0.24788834182133596,
    0.7298882159665292,
    0.15656101298138345,
    1.1085192056316246,
    0.08606183592619925,
    0.0456646537007099,
    0.6340970446330767
  ],
  "stats": {
    "n": 10,
    "mean": 0.3764114023571441,
    "median": 0.20375902053759903,
    "variance_sample": 0.13287360262278905,
    "variance_population": 0.11958624236051014,
    "std_dev_population": 0.34581243812290813,
    "std_dev_sample": 0.36451831589481076,
    "min": 0.023436681558884634,
    "max": 1.1085192056316246,
    "q1": 0.08606183592619925,
    "q2": 0.20375902053759903,
    "q3": 0.6340970446330767,
    "iqr": 0.5480352087068775,
    "cv_sample": 0.9684040218020574
  }
}