{
  "n": 10,
  "reps": 200,
  "means": [
    0.5151439887115595,
    0.3743203924476094,
    0.293988860506731,
    0.40588834213349256,
    0.2632750201522992,
    0.31884364150664296,
    0.32191409669109877,
    0.41481873984887263,
    0.3204722930667855,
    0.46026267128112586,
    0.4685442853974764,
    0.3325367233507809,
    0.4834872314114806,
    0.7989867970976796,
    0.5167304252352096,
    0.5045106532343231,
    0.6543009841843936,
    0.5634330425144671,
    0.292548255508088,
    0.39047984522597123,
    0.45728829756852674,
    0.46537405835250495,
    0.3882555969761489,
    0.7369005412853578,
    0.23369891858865338,
    0.7634542953593277,
    0.547081305091379,
    0.5190673278239875,
    0.3905851705090157,
    0.4628417347925269,
    0.8141877479034052,
    0.3096509535404916,
    0.8282586014003475,
    0.6415089318278504,
    0.5119165398848402,
    0.5611703926389978,
    0.5098710287087089,
    0.23220867442247065,
    0.6385493399683726,
    0.6048400836842678,
    0.3502770435987942,
    0.5576890128054066,
    0.6808865089372563,
    0.35130190802433725,
    0.2671276557128566,
    0.49756943839819245,
    0.31642727123053893,
    0.518533806810966,
    0.44553285215943655,
    0.4055554785087255,
    0.4089500824409923,
    0.5183279178151835,
    0.3573743056921451,
    0.2915129315432145,
    0.43237267121993533,
    0.4438947986729923,
    0.502719691491431,
    0.3679249856441167,
    0.5522470921589057,
    0.48507868774885354,
    0.3213339433809049,
    0.4356618695892661,
    0.37487148452879293,
    0.6542195116201637,
    0.28793527820419895,
    1.2285134639850654,
    0.42553605004807904,
    0.2538672092376335,
    0.5859301618626015,
    0.1910120830663867,
    0.3077979519453013,
    0.36076973140458213,
    0.2746611021800033,
    0.3516527567640469,
    0.32908733797636575,
    0.502054293219072,
    0.34026478371852464,
    0.3644346572655929,
    0.8290840562634691,
    0.3117452718444372,
    0.6383892917234534,
    0.45139466402542777,
    0.4843100725740241,
    0.5521364405399979,
    0.22321063580921421,
    0.38816799771280586,
    0.6534929833170743,
    0.7026025401571615,
    0.507281960835457,
    0.47728718408525184,
    0.2546031043997416,
    0.40089597921339737,
    0.4734867762035976,
    0.303753458399143,
    0.49837300205175145,
    0.22914729152789715,
    0.5839863036749171,
    0.7555895935701664,
    0.6447578670887306,
    0.4211614306894784,
    0.24145998513339073,
    0.6878297024219182,
    0.27555970647899414,
    0.5192332650076996,
    0.44447315573863344,
    0.4891632321933522,
    0.3099450084459201,
    0.2734061949688792,
    0.3147163465184016,
    0.5802448666414557,
    0.4488260005845951,
    0.5365598725373858,
    0.6411358191059742,
    0.6797894644692882,
    0.5241440524732738,
    0.4150929946313867,
    0.9745542444396949,
    0.4085569632167127,
    0.24776549874369178,
    0.44143899633162925,
    0.7402504927733963,
    0.5332915209280154,
    0.6008324688770654,
    0.3707529653684365,
    0.3229683280308951,
    0.4326840076291959,
    0.3853510663448135,
    0.4156697857861946,
    0.8172602533656619,
    0.4181310624791588,
    0.4640619302820804,
    0.7354652580830722,
    0.25493385627209414,
    0.39898504180927674,
    0.49360183025533855,
    0.4362574856341266,
    0.25104455499531503,
    0.3988864698124108,
    0.3926223620244323,
    0.4277526836099813,
    0.37831233887511684,
    0.36151259711697964,
    0.18815047796670595,
    0.4332847235412577,
    0.24283506728082874,
    0.2940453556556404,
    0.8024420037453392,
    0.5752807848703656,
    0.5083181692779213,
    0.358221600708977,
    0.48287314557470884,
    0.3943616201044299,
    0.5372230256908159,
    0.4930094814965029,
    0.681637408585104,
    0.5493188408375838,
    0.5425775627058875,
    0.9990285607643408,
    0.6048882393514159,
    0.21718847766702604,
    0.7663683024415489,
    0.5706466368841134,
    0.7552062804432158,
    0.2885622282403802,
    0.3817120768889192,
    0.38686004179597505,
    0.588982194348935,
    0.5749850169793044,
    0.6743663382261005,
    0.2974068383086763,
    0.17751856616325265,
    0.5458095712685214,
    0.3119560673169458,
    0.6339155450570277,
    0.6277897489887444,
    0.33646987145530466,
    0.5481889378715985,
    0.2906644059661522,
    0.4113626870244347,
    0.3406266333288818,
    0.5471054295892618,
    0.7760001295548655,
    0.5231667400644529,
    0.3966246633142777,
    0.49435170169031417,
    0.32894981916161065,
    0.40557242067668,
    0.4559709343895027,
    0.4558311826003011,
    0.25491413700605986,
    0.4133228975108863,
    0.7790471228522714,
    0.4091867933521921,
    0.5150420764463797,
    0.36763527585532446,
    0.7513775946682861,
    0.5572362399800893,
    0.8666095089857218,
    0.35109837620091505,
    0.27595412323744434
  ],