{
  "n": 5,
  "reps": 200,
  "means": [
    0.4721068038441045,
    0.5907696368470446,
    0.541664567687972,
    0.5875016740605312,
    1.085000949138517,
    0.4804634432835682,
    0.6597856938900094,
    0.504084972189115,
    0.43036023969196113,
    0.6262575157402497,
    0.40001684690657113,
    0.5579797408309825,
    0.20419347980860972,
    0.4067361822745936,
    0.5045864192543911,
    0.5718511764899662,
    1.2798881207447477,
    0.3114962521521205,
    0.2988483667084573,
    0.3164175169505457,
    0.8359338889171204,
    0.8180677515686015,
    0.5313924951923534,
    0.508477624259171,
    0.38937030068057793,
    0.21397213364246187,
    0.7572937260812076,
    0.6147456711598671,
    0.3383876985640413,
    0.3343461573250278,
    0.5251339880393997,
    0.21796496046012867,
    0.6100109331716541,
    0.580940858589214,
    0.9827971266061517,
    0.2245760672037847,
    0.3462477659049427,
    0.3744299558519685,
    0.6256157615328519,
    0.3860103351488492,
    0.6123469710874629,
    0.7405682755137256,
    0.1533759508466369,
    0.6943383603723455,
    0.2317726531229169,
    0.423394211875712,
    0.4652418161299582,
    0.8983647742708737,
    0.4480899628543633,
    0.686299809213008,
    0.6177518251332513,
    0.46036210026899005,
    0.524959296841116,
    0.3733872144178571,
    0.2056207447961727,
    0.5788719767047973,
    0.7728071936459433,
    0.24349542238109648,
    0.6871274846848716,
    0.36114672345663407,
    0.23011690844078578,
    0.27105672167209716,
    0.23280986025610412,
    0.5915504456963617,
    0.37262750715099924,
    0.336378272584743,
    0.38098998496668607,
    0.19281427935360324,
    0.8842146914889243,
    0.7596927721685548,
    0.3319346922099803,
    0.5041707979361986,
    0.37602073025831745,
    0.17806033519329223,
    0.22588351788269803,
    0.28966099263530476,
    0.9965294631940591,
    0.4483893135137718,
    0.8888074167528963,
    0.5884760308026832,
    0.608730770096629,
    0.27028907593858004,
    1.2656507586388135,
    0.7544326263989178,
    0.41614204070404603,
    0.466947911210152,
    0.7494444803272009,
    0.5346681517829035,
    0.4977039787893484,
    1.007049538622112,
    0.7869566607742607,
    0.3952342838688035,
    0.4072346411459131,
    0.4551969800562533,
    0.3560231231285328,
    0.288240460249818,
    0.23879623975260245,
    0.44116179738490036,
    0.22806940180831664,
    0.37095837736600573,
    0.681289099662277,
    0.39694498559312275,
    0.46825384873501347,
    0.7077460560809159,
    0.7479649229784667,
    0.4071702281438232,
    0.46781443936379785,
    0.45080126617769894,
    0.862949112078925,
    0.8540990379757336,
    0.3446894619396552,
    0.4780305841048732,
    0.05491575704216843,
    0.43376448696701697,
    0.33623402470757496,
    0.2971463154551581,
    0.5486619067647884,
    0.20969621978299963,
    0.3929763968808506,
    0.6398407200601278,
    0.38007855841015614,
    1.0010030178599152,
    0.44215379262944127,
    0.9713410050535407,
    0.43150009332323985,
    0.08941154207739796,
    0.32246495572963196,
    0.8198766526299505,
    0.3802823657738724,
    0.1430217864754987,
    0.18607653247170167,
    0.566821829794424,
    0.6668388986385738,
    0.5593558069071796,
    0.7059411243716152,
    0.351987322554322,
    0.4683534923579603,
    0.6716716461562982,
    0.2770171175986479,
    0.2910367279422837,
    0.6381788763466105,
    0.2748796041026133,
    0.18051918921593546,
    0.18513564052867282,
    0.3995462559325496,
    0.42444277095594113,
    0.3831120866144591,
    0.4154528841303022,
    0.3315468267902276,
    0.4329260729080017,
    0.6932643682918461,
    0.491624411461464,
    0.25439093626562836,
    0.5046576222001949,
    0.6759311549408183,
    0.3936800917380044,
    0.4087553350296197,
    0.5255589020763642,
    0.1750099458286067,
    0.563594047353557,
    0.3866267529460077,
    0.5521131021748001,
    0.2963376614315287,
    1.0126913023681625,
    0.3637212784285934,
    0.27613092312373577,
    0.7426950109194471,
    0.16199273422823032,
    0.305593039996466,
    0.543229051033255,
    0.4354463086855732,
    0.7126925467471217,
    0.2795023501158099,
    0.9618631189911181,
    0.40962474456001596,
    0.519589921093594,
    0.8123020376313408,
    0.43452278682084733,
    0.1492427427296524,
    0.2552136402248834,
    0.5127247830388129,
    0.39384952230731624,
    0.5225465191392169,
    0.3416641992005023,
    0.6938229673394144,
    0.10912636121013104,
    0.31444581890535717,
    0.44287077120572726,
    0.7617071485702015,
    0.5638882257904203,
    0.60703878900805,
    0.5128249852417863,
    0.42816189498924134,
    0.41234086028273803,
    0.20208526640219215,
    0.26931345266244067,
    0.7196825176631482,
    0.6263700165088699,
    0.3286043724005527,
    0.31002882144095717
  ],