{
  "n": 5,
  "data": [
    0.5116110730889221,
    0.13915391027829838,
    0.2019433483078512,
    0.1932853283208248,
    0.12969355599892649
  ],
  "stats": {
    "n": 5,
    "mean": 0.23513744319896457,
    "median": 0.1932853283208248,
    "variance_sample": 0.024905591854932352,
    "variance_population": 0.01992447348394588,
    "std_dev_population": 0.14115407710706016,
    "std_dev_sample": 0.15781505585631667,
    "min": 0.12969355599892649,
    "max": 0.5116110730889221,
    "q1": 0.13442373313861244,
    "q2": 0.1932853283208248,
    "q3": 0.35677721069838664,
    "iqr": 0.2223534775597742,
    "cv_sample": 0.6711608908785294
  }
}