{
  "n": 100,
  "data": [
    1.223956593543705,
    0.22022369215088938,
    0.13193698531879566,
    2.1072724896062223,
    0.22883223716613285,
    0.2989695107981672,
    2.7283885916877915,
    0.4146001662566608,
    0.31500591132968514,
    0.06654345032401288,
    0.0753919672886525,
    0.05135770486187569,
    0.20751270128094707,
    0.9874352241229126,
    1.104262390535705,
    1.3984335778728685,
    0.09684394018062871,
    0.3277719354274405,
    0.37238661870083234,
    0.8618111461156853,
    0.21982118055192407,
    1.5752473387131136,
    0.21577507453794936,
    0.21568454498893674,
    0.29122375469913764,
    0.11717582999259246,
    0.011711054332617352,
    0.2619372307694624,
    0.45821436221330886,
    0.5077109531012138,
    0.09084813036714467,
    0.6886101107228473,
    0.455071780701535,
    0.558771718807447,
    0.38734366167094086,
    0.0036796627005763055,
    0.9458635616796247,
    0.6400800921950134,
    0.0512467632525851,
    1.453894264200444,
    0.10952887885574489,
    0.3201978455971458,
    0.0018282640267468454,
    0.05057406824056163,
    0.45503351131024594,
    1.0029752235007405,
    0.620790347358807,
    0.3296167114374944,
    0.052732508501384015,
    0.7522209649635954,
    0.19813867001666538,
    0.3727235383742389,
    0.11677062905623947,
    1.1403499731301723,
    0.21415657203196212,
    0.41658976617034177,
    0.8487481909125301,
    0.11166311073938359,
    0.350506252800789,
    0.35152371546326167,
    0.26002083771842893,
    0.5071555871251455,
    0.4032893499448535,
    0.07277482361941902,
    1.7007738771941134,
    0.18982996493994073,
    0.25269256289446324,
    0.5755370212419969,
    0.19536804534571636,
    0.31165543227156967,
    0.11131793734437545,
    0.21218444122463082,
    0.9222678877632262,
    0.20479887393223692,
    0.475515853885343,
    0.17973768503574775,
    0.18525235654063243,
    1.78538484048507,
    0.024916838106630326,
    0.04849883992013141,
    0.5662766726710575,
    0.16668677997243983,
    0.08601761567511523,
    0.7111442577592847,
    0.16754858113525004,
    0.2803940111079995,
    0.047287653548833145,
    0.5437307308518374,
    0.06178006148704907,
    0.45667764793836185,
    0.2518271719665776,
    1.1149585168175264,
    0.1135023445017105,
    0.2863458939332747,
    0.201793855735215,
    0.2688430906030364,
    0.29441911348706584,
    0.21000318818968794,
    0.42807191133492595,
    0.04873525074608097
  ],
  "stats": {
    "n": 100,
    "mean": 0.45110534053252066,
    "median": 0.28878482431620617,
    "variance_sample": 0.23560070258143864,
    "variance_population": 0.23324469555562427,
    "std_dev_population": 0.48295413400821435,
    "std_dev_sample": 0.48538716771402046,
    "min": 0.0018282640267468454,
    "max": 2.7283885916877915,
    "q1": 0.14931188264561773,
    "q2": 0.28878482431620617,
    "q3": 0.5512512248296422,
    "iqr": 0.40193934218402444,
    "cv_sample": 1.0759951703099564
  }
}