{
  "n": 50,
  "data": [
    0.04748576932257705,
    0.5565931798917193,
    1.3449488534436254,
    0.4724976265543816,
    0.5978491766251101,
    0.8050637691380925,
    0.13435560558606074,
    0.34989654701904416,
    0.12398910806413926,
    1.3585000680158015,
    0.49286612236909294,
    0.12725355029001084,
    0.15403214654561984,
    0.5753156317796336,
    0.022244101703749627,
    0.2871756603927369,
    0.8793674247211718,
    0.0896349786115666,
    0.3684652432051445,
    0.27198281868668384,
    0.24830687470786575,
    0.19441254336567115,
    1.244909416708218,
    0.42514575849599,
    0.42022520856378837,
    0.12358182498165017,
    0.04530266089636502,
    0.3198962911557581,
    0.008659743646001247,
    0.017935713328819183,
    1.1447113604998989,
    0.3581718748596197,
    1.510030722560531,
    0.29399981577016226,
    0.05912486714522066,
    0.02263473924731981,
    0.2718045711281386,
    0.05354310173441362,
    0.7862137231477169,
    0.025912828137983766,
    0.21532581415850252,
    0.06255193650796445,
    1.0278555932829812,
    0.16331841218813398,
    1.1183279324330064,
    0.9568879627032266,
    0.061472671187122026,
    0.07487308973653803,
    0.5171931285520682,
    0.3084954061885185
  ],
  "stats": {
    "n": 50,
    "mean": 0.4228068593797033,
    "median": 0.29058773808144955,
    "variance_sample": 0.17150902979753002,
    "variance_population": 0.16807884920157942,
    "std_dev_population": 0.4099742055319815,
    "std_dev_sample": 0.41413648691890215,
    "min": 0.008659743646001247,
    "max": 1.510030722560531,
    "q1": 0.0896349786115666,
    "q2": 0.29058773808144955,
    "q3": 0.5753156317796336,
    "iqr": 0.485680653168067,
    "cv_sample": 0.9794933022763127
  }
}