{
  "n": 50,
  "reps": 200,
  "means": [
    0.4613706818319808,
    0.43770296259431263,
    0.4970772827942385,
    0.5134982811093842,
    0.4967234205042115,
    0.633833245809828,
    0.49975643447955137,
    0.512964919899211,
    0.5005562669892804,
    0.49323136179842486,
    0.4644698071660265,
    0.45165701202612857,
    0.5452381086230624,
    0.5733930311344705,
    0.445118019620306,
    0.5382823915849645,
    0.46164005064786884,
    0.4503163529674448,
    0.4649903224456972,
    0.5321979249849843,
    0.5041803155927899,
    0.489006245640359,
    0.5913393853479473,
    0.6516090038448544,
    0.4976115132439853,
    0.4581599150242791,
    0.5149273899380608,
    0.461732055928533,
    0.5219646417051537,
    0.5389717160259022,
    0.42706554101319233,
    0.4492704842016783,
    0.5266215933555186,
    0.4291310982736372,
    0.392679504105127,
    0.5142802154377221,
    0.4354789557387221,
    0.5910677587763141,
    0.47090799767021124,
    0.599279829399639,
    0.6053881217567664,
    0.43698465950635546,
    0.4778043157040118,
    0.5082462379384615,
    0.5378543635107094,
    0.4700741932436941,
    0.45309580656088905,
    0.4918829533799059,
    0.558224139857759,
    0.49586515072456566,
    0.5911283529650425,
    0.5423731191819863,
    0.46652948052337684,
    0.6068252209036031,
    0.5528903847377932,
    0.453647628688875,
    0.4647658640866721,
    0.5332879139250539,
    0.5433514219549346,
    0.48542247342944345,
    0.47827641084739303,
    0.5013363580054956,
    0.4311192976599769,
    0.4392739013165844,
    0.42470463653116236,
    0.4032979632518453,
    0.425116417045662,
    0.47250958498904916,
    0.4287855192840886,
    0.5365657994748703,
    0.483537101142757,
    0.39449558619490743,
    0.6019539413740722,
    0.49209206442315173,
    0.46654263587386763,
    0.5889711754650047,
    0.48706467033566747,
    0.4247792254846115,
    0.5219442751041953,
    0.5302948058641007,
    0.3059093506530889,
    0.5877166676955007,
    0.5101357781958368,
    0.48265825580862315,
    0.5494892760951327,
    0.45090168850091605,
    0.47154233454658495,
    0.4286694730678311,
    0.422685548478238,
    0.5168972493995859,
    0.4764005337303192,
    0.4267772330586446,
    0.44457901430984154,
    0.45621848790598124,
    0.4480790477330315,
    0.47009140557647894,
    0.5119532651378456,
    0.44220676860483743,
    0.494530963335624,
    0.41437291896611705,
    0.4209368849268704,
    0.5127459026781938,
    0.4576613766620921,
    0.6270493393475504,
    0.39346991792143926,
    0.4543770634267657,
    0.5398306209411725,
    0.45647122700257114,
    0.4714582380113327,
    0.5216289192419482,
    0.48450234856863,
    0.575807641366238,
    0.5426477418917268,
    0.4969642874753489,
    0.476785482109137,
    0.5483656436080855,
    0.4363575421465989,
    0.40917593185914575,
    0.3527214920774192,
    0.4248733901947333,
    0.42770246864140415,
    0.4884074182539145,
    0.36626357785818103,
    0.5674753192559304,
    0.46360775742944454,
    0.41286202059925947,
    0.6419213593629371,
    0.5402006934387319,
    0.46011947315075136,
    0.5239798608800049,
    0.429405076062425,
    0.49396308436981734,
    0.5010519467041609,
    0.563650163148458,
    0.531555222053257,
    0.5954289103184224,
    0.506009538648397,
    0.4527708562938447,
    0.6406173164788737,
    0.5296305420852837,
    0.39322761248698085,
    0.5216790379228565,
    0.41179340129654646,
    0.38298863883114753,
    0.3730525790286394,
    0.32701768155252964,
    0.5051810392927563,
    0.38500878819602363,
    0.598122129299345,
    0.5517137062085632,
    0.5376806279653652,
    0.5068831765498801,
    0.47107004804382924,
    0.4995333689765216,
    0.4506882599663103,
    0.6163444076411715,
    0.3930656513377378,
    0.5063614721371691,
    0.4656075335580527,
    0.5267358461035679,
    0.3877349426212643,
    0.5873381681598197,
    0.5618317756860023,
    0.4944236441191007,
    0.5278490165916687,
    0.5309574598531006,
    0.4756274085070114,
    0.44097550825577175,
    0.5243606981074292,
    0.6940744563586665,
    0.6123281654029533,
    0.5858108822229533,
    0.44632535804942214,
    0.4712602026510187,
    0.4134270185314922,
    0.5919048958646485,
    0.5277949496336927,
    0.5013069271898651,
    0.4525545156103258,
    0.5429745253885503,
    0.531742188066101,
    0.47355073432402534,
    0.4956120546880991,
    0.531785960047922,
    0.5494741896282496,
    0.46440018543421,
    0.5017795033288714,
    0.4539105525045073,
    0.6635587256831714,
    0.5684968841742327,
    0.5214143124854798,
    0.48564728590727446,
    0.4076583061021401,
    0.5925672261791117,
    0.40093798989722573,
    0.4914344845378347,
    0.44019680582789206,
    0.4202232586569862,
    0.5649003210318285,
    0.5029363952671508
  ],