{
  "n": 100,
  "reps": 200,
  "means": [
    0.47307484328932636,
    0.5012067072559184,
    0.5960883582862536,
    0.45167107770892234,
    0.4682577007468664,
    0.5088834626188313,
    0.4494641131336434,
    0.5203628637323375,
    0.46795065871832897,
    0.5016807270748616,
    0.5085890718300953,
    0.5416814173251959,
    0.47434414772835,
    0.5077317358402564,
    0.480931156715908,
    0.5124246763016732,
    0.4622621732381621,
    0.4363862818621787,
    0.45099109652376157,
    0.4809894559741413,
    0.4940571769115553,
    0.4740251841965268,
    0.45825435233317036,
    0.4040039933214514,
    0.5884225332946189,
    0.47547424251647435,
    0.4924712343877523,
    0.4855181036199205,
    0.4721889740323437,
    0.5580555446336397,
    0.5430448133568181,
    0.45681673315821364,
    0.5670640543528664,
    0.4496928863570562,
    0.5892851712482366,
    0.4077111554285351,
    0.5126039300274239,
    0.6017378998311123,
    0.4332947677781226,
    0.5285412942534569,
    0.4681608871411986,
    0.5801168382694862,
    0.5537551198079305,
    0.5017448648540834,
    0.4869724192918959,
    0.5210066859056838,
    0.5374339806829245,
    0.5485382998405751,
    0.47365859593832005,
    0.4375451190005256,
    0.5375541134874086,
    0.4392444899643443,
    0.48871625034529237,
    0.4326711118116729,
    0.5412172390038222,
    0.5154682053556565,
    0.538147425873808,
    0.5290976914193871,
    0.5379472979586771,
    0.4836120035210611,
    0.5247540320394226,
    0.5420853764699823,
    0.5158136351461241,
    0.4744320007767369,
    0.464742595456874,
    0.532663784569874,
    0.46468024341195735,
    0.4777808641561711,
    0.4190563752048685,
    0.48461795975096417,
    0.5536911751656376,
    0.5307369503565461,
    0.42097302976014056,
    0.5149218565689805,
    0.48503550436451454,
    0.5488576504846616,
    0.5656277277609566,
    0.47704293166664463,
    0.38239475538407214,
    0.5261731945243202,
    0.4803194666589971,
    0.45127209624952136,
    0.5140285274785764,
    0.5333765518486377,
    0.5884594791103881,
    0.5113203141354706,
    0.5540219770444639,
    0.485574379566169,
    0.5575429578822542,
    0.4890878140433978,
    0.5348481531006855,
    0.5331677068243295,
    0.4532264368493763,
    0.44908936486694384,
    0.5542983296084274,
    0.4926408654526259,
    0.3953360009380568,
    0.5047416844029297,
    0.6158611925394036,
    0.4779607088381113,
    0.4555617857213398,
    0.4769384545400958,
    0.45436524341300816,
    0.4261155369579834,
    0.5195852732330248,
    0.637932461902979,
    0.46613269428318044,
    0.4573464430134041,
    0.44359383280574444,
    0.476408478019826,
    0.5190641253947464,
    0.44936630290209223,
    0.49799132669329976,
    0.5427644597672036,
    0.5060733009904537,
    0.5089556755142997,
    0.4425524740356521,
    0.4011147433352541,
    0.4950802102267511,
    0.48635946198317404,
    0.45929725804428245,
    0.48513764791041925,
    0.4503995323034864,
    0.5200900057295991,
    0.5168515426652105,
    0.49333688085252303,
    0.5399065372586256,
    0.4385354632434499,
    0.4922711360308819,
    0.4151636077081063,
    0.5748015497134566,
    0.4648888162283671,
    0.5110969325838413,
    0.42470134904377416,
    0.5710250284048837,
    0.5920184747705608,
    0.5571942695535769,
    0.4679477001514132,
    0.5201437137260109,
    0.5417142498749092,
    0.48226827184856547,
    0.5672151049747844,
    0.5143990362818102,
    0.5387475045039409,
    0.4718280010524187,
    0.46107391107474804,
    0.524975316976798,
    0.44966661836812677,
    0.5097710827148533,
    0.4937635078097191,
    0.48293992305561917,
    0.5388690339973523,
    0.4359675160476965,
    0.4719816291777707,
    0.47286555149310294,
    0.5636073265375761,
    0.5141636276219107,
    0.46852441213678653,
    0.579844708513047,
    0.5524862298836475,
    0.48933183779897127,
    0.4601120035146392,
    0.4956460661873167,
    0.5123093985961148,
    0.5479363078700052,
    0.5351554412105789,
    0.46901111239997134,
    0.5296517506617949,
    0.5591686284831985,
    0.470443485279676,
    0.516696330622108,
    0.547502895797885,
    0.5231793543194888,
    0.5849628845749293,
    0.5360412362507396,
    0.48809825137314894,
    0.5288989931910698,
    0.5147325268303624,
    0.47969596871980363,
    0.5732224854159135,
    0.5230645434680635,
    0.5472034977192007,
    0.4613134105495954,
    0.4867347050134088,
    0.4907225146087451,
    0.5218200910668145,
    0.4814014382022126,
    0.529114945355391,
    0.4784545377881868,
    0.5462772873011125,
    0.46442273288964514,
    0.4900168627749082,
    0.5338002204223509,
    0.5288910446780527,
    0.5008658367918012,
    0.49553593625108794,
    0.41605411546439164,
    0.5512660740263864,
    0.4961732902066573,
    0.47385618325963075
  ],