{
  "n": 50,
  "data": [
    1.0,
    3.0,
    0.0,
    2.0,
    2.0,
    1.0,
    3.0,
    3.0,
    1.0,
    3.0,
    1.0,
    1.0,
    4.0,
    1.0,
    1.0,
    0.0,
    3.0,
    1.0,
    4.0,
    2.0,
    2.0,
    1.0,
    1.0,
    3.0,
    3.0,
    1.0,
    5.0,
    3.0,
    3.0,
    3.0,
    2.0,
    3.0,
    2.0,
    1.0,
    3.0,
    2.0,
    3.0,
    0.0,
    1.0,
    3.0,
    1.0,
    3.0,
    2.0,
    1.0,
    0.0,
    3.0,
    3.0,
    1.0,
    1.0,
    1.0
  ],
  "stats": {
    "n": 50,
    "mean": 1.96,
    "median": 2.0,
    "variance_sample": 1.3861224489795918,
    "variance_population": 1.3584,
    "std_dev_population": 1.1655041827466772,
    "std_dev_sample": 1.177337015887801,
    "min": 0.0,
    "max": 5.0,
    "q1": 1.0,
    "q2": 2.0,
    "q3": 3.0,
    "iqr": 2.0,
    "cv_sample": 0.6006821509631638
  }
}