{
  "n": 10,
  "data": [
    1.0,
    1.0,
    3.0,
    4.0,
    3.0,
    0.0,
    1.0,
    1.0,
    0.0,
    3.0
  ],
  "stats": {
    "n": 10,
    "mean": 1.7,
    "median": 1.0,
    "variance_sample": 2.011111111111111,
    "variance_population": 1.81,
    "std_dev_population": 1.3453624047073711,
    "std_dev_sample": 1.4181364924121764,
    "min": 0.0,
    "max": 4.0,
    "q1": 1.0,
    "q2": 1.0,
    "q3": 3.0,
    "iqr": 2.0,
    "cv_sample": 0.834197936713045
  }
}