{
  "n": 5,
  "data": [
    3.0,
    2.0,
    3.0,
    3.0,
    3.0
  ],
  "stats": {
    "n": 5,
    "mean": 2.8,
    "median": 3.0,
    "variance_sample": 0.19999999999999996,
    "variance_population": 0.15999999999999998,
    "std_dev_population": 0.39999999999999997,
    "std_dev_sample": 0.44721359549995787,
    "min": 2.0,
    "max": 3.0,
    "q1": 2.5,
    "q2": 3.0,
    "q3": 3.0,
    "iqr": 0.5,
    "cv_sample": 0.15971914124998496
  }
}