{
  "n": 10,
  "reps": 200,
  "means": [
    2.0,
    2.4,
    1.6,
    1.7,
    1.4,
    2.2,
    2.1,
    1.3,
    1.7,
    1.9,
    1.6,
    1.8,
    1.7,
    1.8,
    1.8,
    2.1,
    2.0,
    2.0,
    1.9,
    2.1,
    1.8,
    2.1,
    1.6,
    1.6,
    2.5,
    2.0,
    2.5,
    1.8,
    1.7,
    1.8,
    2.1,
    2.5,
    1.8,
    2.2,
    1.6,
    1.9,
    2.0,
    2.3,
    1.6,
    2.3,
    1.8,
    1.6,
    2.3,
    1.6,
    2.4,
    1.6,
    1.7,
    2.6,
    2.1,
    2.1,
    1.7,
    1.3,
    2.0,
    1.5,
    1.7,
    1.8,
    2.0,
    3.0,
    2.3,
    1.7,
    1.9,
    2.1,
    1.9,
    2.5,
    2.0,
    2.1,
    1.9,
    2.7,
    1.9,
    1.9,
    2.1,
    1.8,
    1.4,
    2.7,
    2.0,
    2.1,
    2.6,
    1.8,
    1.9,
    1.4,
    1.1,
    2.2,
    1.0,
    1.7,
    2.5,
    2.0,
    1.8,
    1.5,
    2.2,
    1.6,
    2.4,
    2.2,
    2.3,
    2.1,
    1.5,
    2.1,
    1.8,
    2.0,
    2.1,
    1.6,
    1.4,
    2.0,
    2.6,
    1.9,
    1.2,
    1.2,
    2.2,
    1.6,
    1.5,
    2.8,
    1.9,
    1.6,
    1.7,
    1.9,
    1.4,
    1.9,
    1.8,
    1.8,
    2.2,
    1.9,
    1.3,
    2.1,
    1.8,
    2.2,
    2.0,
    1.7,
    2.0,
    2.2,
    2.9,
    1.7,
    2.0,
    1.7,
    1.0,
    1.6,
    1.5,
    1.1,
    2.1,
    2.5,
    1.9,
    1.4,
    1.9,
    2.5,
    2.0,
    1.4,
    1.9,
    2.1,
    1.8,
    1.8,
    1.9,
    3.0,
    2.5,
    1.7,
    2.1,
    1.3,
    2.0,
    2.3,
    1.8,
    1.5,
    1.8,
    1.7,
    2.6,
    1.8,
    1.9,
    2.4,
    2.3,
    1.7,
    2.0,
    2.7,
    2.1,
    1.8,
    3.0,
    2.2,
    1.5,
    1.7,
    2.2,
    1.9,
    1.4,
    1.7,
    2.2,
    1.7,
    2.0,
    2.3,
    1.6,
    2.6,
    2.3,
    1.8,
    2.4,
    1.8,
    1.5,
    2.3,
    2.0,
    3.0,
    1.8,
    1.8,
    1.7,
    1.6,
    2.5,
    1.6,
    2.2,
    1.4
  ],
  "normalized": [
    0.0,
    0.8944271909999157,
    -0.8944271909999157,
    -0.670820393249937,
    -1.341640786499874,
    0.44721359549995837,
    0.22360679774997919,
    -1.5652475842498528,
    -0.670820393249937,
    -0.22360679774997919,
    -0.8944271909999157,
    -0.44721359549995787,
    -0.670820393249937,
    -0.44721359549995787,
    -0.44721359549995787,
    0.22360679774997919,
    0.0,
    0.0,
    -0.22360679774997919,
    0.22360679774997919,
    -0.44721359549995787,
    0.22360679774997919,
    -0.8944271909999157,
    -0.8944271909999157,
    1.118033988749895,
    0.0,
    1.118033988749895,
    -0.44721359549995787,
    -0.670820393249937,
    -0.44721359549995787,
    0.22360679774997919,
    1.118033988749895,
    -0.44721359549995787,
    0.44721359549995837,
    -0.8944271909999157,
    -0.22360679774997919,
    0.0,
    0.6708203932499365,
    -0.8944271909999157,
    0.6708203932499365,
    -0.44721359549995787,
    -0.8944271909999157,
    0.6708203932499365,
    -0.8944271909999157,
    0.8944271909999157,
    -0.8944271909999157,
    -0.670820393249937,
    1.341640786499874,
    0.22360679774997919,
    0.22360679774997919,
    -0.670820393249937,
    -1.5652475842498528,
    0.0,
    -1.118033988749895,
    -0.670820393249937,
    -0.44721359549995787,
    0.0,
    2.23606797749979,
    0.6708203932499365,
    -0.670820393249937,
    -0.22360679774997919,
    0.22360679774997919,
    -0.22360679774997919,
    1.118033988749895,
    0.0,
    0.22360679774997919,
    -0.22360679774997919,
    1.5652475842498532,
    -0.22360679774997919,
    -0.22360679774997919,
    0.22360679774997919,
    -0.44721359549995787,
    -1.341640786499874,
    1.5652475842498532,
    0.0,
    0.22360679774997919,
    1.341640786499874,
    -0.44721359549995787,
    -0.22360679774997919,
    -1.341640786499874,
    -2.0124611797498106,
    0.44721359549995837,
    -2.23606797749979,
    -0.670820393249937,
    1.118033988749895,
    0.0,
    -0.44721359549995787,
    -1.118033988749895,
    0.44721359549995837,
    -0.8944271909999157,
    0.8944271909999157,
    0.44721359549995837,
    0.6708203932499365,
    0.22360679774997919,
    -1.118033988749895,
    0.22360679774997919,
    -0.44721359549995787,
    0.0,
    0.22360679774997919,
    -0.8944271909999157,
    -1.341640786499874,
    0.0,
    1.341640786499874,
    -0.22360679774997919,
    -1.788854381999832,
    -1.788854381999832,
    0.44721359549995837,
    -0.8944271909999157,
    -1.118033988749895,
    1.7888543819998315,
    -0.22360679774997919,
    -0.8944271909999157,
    -0.670820393249937,
    -0.22360679774997919,
    -1.341640786499874,
    -0.22360679774997919,
    -0.44721359549995787,
    -0.44721359549995787,
    0.44721359549995837,
    -0.22360679774997919,
    -1.5652475842498528,
    0.22360679774997919,
    -0.44721359549995787,
    0.44721359549995837,
    0.0,
    -0.670820393249937,
    0.0,
    0.44721359549995837,
    2.0124611797498106,
    -0.670820393249937,
    0.0,
    -0.670820393249937,
    -2.23606797749979,
    -0.8944271909999157,
    -1.118033988749895,
    -2.0124611797498106,
    0.22360679774997919,
    1.118033988749895,
    -0.22360679774997919,
    -1.341640786499874,
    -0.22360679774997919,
    1.118033988749895,
    0.0,
    -1.341640786499874,
    -0.22360679774997919,
    0.22360679774997919,
    -0.44721359549995787,
    -0.44721359549995787,
    -0.22360679774997919,
    2.23606797749979,
    1.118033988749895,
    -0.670820393249937,
    0.22360679774997919,
    -1.5652475842498528,
    0.0,
    0.6708203932499365,
    -0.44721359549995787,
    -1.118033988749895,
    -0.44721359549995787,
    -0.670820393249937,
    1.341640786499874,
    -0.44721359549995787,
    -0.22360679774997919,
    0.8944271909999157,
    0.6708203932499365,
    -0.670820393249937,
    0.0,
    1.5652475842498532,
    0.22360679774997919,
    -0.44721359549995787,
    2.23606797749979,
    0.44721359549995837,
    -1.118033988749895,
    -0.670820393249937,
    0.44721359549995837,
    -0.22360679774997919,
    -1.341640786499874,
    -0.670820393249937,
    0.44721359549995837,
    -0.670820393249937,
    0.0,
    0.6708203932499365,
    -0.8944271909999157,
    1.341640786499874,
    0.6708203932499365,
    -0.44721359549995787,
    0.8944271909999157,
    -0.44721359549995787,
    -1.118033988749895,
    0.6708203932499365,
    0.0,
    2.23606797749979,
    -0.44721359549995787,
    -0.44721359549995787,
    -0.670820393249937,
    -0.8944271909999157,
    1.118033988749895,
    -0.8944271909999157,
    0.44721359549995837,
    -1.341640786499874
  ],
  "mean_of_means": 1.9359999999999997,
  "stats_of_means": {
    "n": 200,
    "mean": 1.9359999999999997,
    "median": 1.9,
    "variance_sample": 0.1528683417085428,
    "variance_population": 0.1521040000000001,
    "std_dev_population": 0.39000512817141275,
    "std_dev_sample": 0.39098381259144577,
    "min": 1.0,
    "max": 3.0,
    "q1": 1.7,
    "q2": 1.9,
    "q3": 2.2,
    "iqr": 0.5000000000000002,
    "cv_sample": 0.2019544486526063
  },
  "stats_of_normalized": {
    "n": 200,
    "mean": -0.14310835055998636,
    "median": -0.22360679774997919,
    "variance_sample": 0.7643417085427133,
    "variance_population": 0.7605199999999998,
    "std_dev_population": 0.8720779781647968,
    "std_dev_sample": 0.8742663830565106,
    "min": -2.23606797749979,
    "max": 2.23606797749979,
    "q1": -0.670820393249937,
    "q2": -0.22360679774997919,
    "q3": 0.44721359549995837,
    "iqr": 1.1180339887498953,
    "cv_sample": -6.1091220717413455
  }
}