{
  "n": 100,
  "reps": 200,
  "means": [
    2.22,
    1.99,
    1.99,
    1.81,
    1.69,
    1.93,
    2.07,
    1.95,
    1.93,
    1.77,
    1.92,
    1.86,
    2.0,
    2.24,
    2.17,
    2.01,
    2.08,
    2.13,
    1.7,
    1.65,
    1.97,
    2.0,
    1.99,
    2.08,
    1.95,
    2.02,
    1.89,
    2.27,
    1.92,
    2.14,
    1.96,
    2.12,
    1.99,
    2.01,
    2.06,
    1.97,
    2.07,
    1.92,
    2.03,
    1.97,
    2.06,
    2.29,
    2.17,
    2.1,
    2.04,
    1.95,
    1.88,
    1.84,
    1.94,
    2.0,
    1.95,
    1.95,
    2.04,
    1.91,
    1.93,
    2.0,
    1.88,
    2.05,
    1.94,
    1.64,
    1.98,
    2.07,
    1.99,
    2.15,
    1.96,
    1.83,
    2.17,
    1.94,
    1.99,
    1.82,
    2.23,
    1.78,
    1.88,
    1.95,
    2.19,
    1.82,
    1.99,
    1.71,
    1.82,
    2.18,
    2.02,
    1.95,
    2.14,
    1.8,
    2.04,
    2.08,
    1.97,
    1.82,
    1.89,
    1.96,
    1.92,
    2.24,
    1.89,
    2.02,
    2.25,
    1.8,
    2.1,
    2.02,
    1.75,
    1.99,
    1.93,
    2.13,
    2.16,
    2.08,
    2.39,
    2.18,
    2.08,
    2.18,
    2.11,
    2.08,
    1.99,
    1.88,
    1.89,
    1.85,
    1.96,
    2.14,
    1.83,
    2.19,
    1.84,
    2.16,
    1.87,
    2.05,
    2.17,
    1.98,
    2.05,
    1.97,
    1.97,
    1.94,
    2.05,
    2.1,
    2.02,
    1.91,
    1.76,
    2.08,
    1.99,
    2.14,
    1.89,
    2.07,
    2.02,
    1.93,
    1.96,
    2.04,
    1.93,
    1.76,
    1.73,
    1.84,
    1.79,
    2.06,
    2.23,
    2.01,
    1.99,
    2.12,
    2.02,
    2.03,
    1.77,
    2.07,
    1.78,
    1.88,
    2.12,
    2.04,
    2.06,
    1.88,
    2.21,
    2.04,
    1.93,
    2.11,
    1.71,
    2.03,
    1.94,
    1.79,
    2.12,
    1.86,
    1.92,
    1.74,
    1.84,
    1.94,
    1.81,
    1.92,
    1.97,
    2.35,
    2.0,
    2.16,
    2.08,
    2.22,
    1.83,
    2.08,
    2.19,
    1.97,
    1.87,
    1.91,
    2.0,
    2.1,
    2.18,
    2.25,
    2.03,
    1.76,
    2.07,
    2.13,
    1.93,
    2.32
  ],
  "normalized": [
    1.555634918610406,
    -0.07071067811865482,
    -0.07071067811865482,
    -1.3435028842544399,
    -2.192031021678298,
    -0.49497474683058373,
    0.4949747468305821,
    -0.35355339059327406,
    -0.49497474683058373,
    -1.6263455967290592,
    -0.5656854249492386,
    -0.9899494936611658,
    0.0,
    1.6970562748477156,
    1.2020815280171302,
    0.07071067811865324,
    0.5656854249492386,
    0.9192388155425111,
    -2.121320343559643,
    -2.474873734152917,
    -0.21213203435596445,
    0.0,
    -0.07071067811865482,
    0.5656854249492386,
    -0.35355339059327406,
    0.14142135623730964,
    -0.777817459305203,
    1.9091883092036785,
    -0.5656854249492386,
    0.9899494936611675,
    -0.2828427124746193,
    0.8485281374238578,
    -0.07071067811865482,
    0.07071067811865324,
    0.4242640687119289,
    -0.21213203435596445,
    0.4949747468305821,
    -0.5656854249492386,
    0.21213203435596287,
    -0.21213203435596445,
    0.4242640687119289,
    2.050609665440988,
    1.2020815280171302,
    0.7071067811865481,
    0.2828427124746193,
    -0.35355339059327406,
    -0.8485281374238578,
    -1.1313708498984756,
    -0.4242640687119289,
    0.0,
    -0.35355339059327406,
    -0.35355339059327406,
    0.2828427124746193,
    -0.6363961030678933,
    -0.49497474683058373,
    0.0,
    -0.8485281374238578,
    0.3535533905932725,
    -0.4242640687119289,
    -2.545584412271572,
    -0.14142135623730964,
    0.4949747468305821,
    -0.07071067811865482,
    1.0606601717798207,
    -0.2828427124746193,
    -1.2020815280171302,
    1.2020815280171302,
    -0.4242640687119289,
    -0.07071067811865482,
    -1.272792206135785,
    1.6263455967290592,
    -1.5556349186104044,
    -0.8485281374238578,
    -0.35355339059327406,
    1.3435028842544399,
    -1.272792206135785,
    -0.07071067811865482,
    -2.050609665440988,
    -1.272792206135785,
    1.2727922061357866,
    0.14142135623730964,
    -0.35355339059327406,
    0.9899494936611675,
    -1.4142135623730947,
    0.2828427124746193,
    0.5656854249492386,
    -0.21213203435596445,
    -1.272792206135785,
    -0.777817459305203,
    -0.2828427124746193,
    -0.5656854249492386,
    1.6970562748477156,
    -0.777817459305203,
    0.14142135623730964,
    1.7677669529663689,
    -1.4142135623730947,
    0.7071067811865481,
    0.14142135623730964,
    -1.7677669529663689,
    -0.07071067811865482,
    -0.49497474683058373,
    0.9192388155425111,
    1.1313708498984771,
    0.5656854249492386,
    2.757716446627536,
    1.2727922061357866,
    0.5656854249492386,
    1.2727922061357866,
    0.7778174593052014,
    0.5656854249492386,
    -0.07071067811865482,
    -0.8485281374238578,
    -0.777817459305203,
    -1.0606601717798207,
    -0.2828427124746193,
    0.9899494936611675,
    -1.2020815280171302,
    1.3435028842544399,
    -1.1313708498984756,
    1.1313708498984771,
    -0.9192388155425111,
    0.3535533905932725,
    1.2020815280171302,
    -0.14142135623730964,
    0.3535533905932725,
    -0.21213203435596445,
    -0.21213203435596445,
    -0.4242640687119289,
    0.3535533905932725,
    0.7071067811865481,
    0.14142135623730964,
    -0.6363961030678933,
    -1.697056274847714,
    0.5656854249492386,
    -0.07071067811865482,
    0.9899494936611675,
    -0.777817459305203,
    0.4949747468305821,
    0.14142135623730964,
    -0.49497474683058373,
    -0.2828427124746193,
    0.2828427124746193,
    -0.49497474683058373,
    -1.697056274847714,
    -1.9091883092036785,
    -1.1313708498984756,
    -1.4849242404917495,
    0.4242640687119289,
    1.6263455967290592,
    0.07071067811865324,
    -0.07071067811865482,
    0.8485281374238578,
    0.14142135623730964,
    0.21213203435596287,
    -1.6263455967290592,
    0.4949747468305821,
    -1.5556349186104044,
    -0.8485281374238578,
    0.8485281374238578,
    0.2828427124746193,
    0.4242640687119289,
    -0.8485281374238578,
    1.4849242404917495,
    0.2828427124746193,
    -0.49497474683058373,
    0.7778174593052014,
    -2.050609665440988,
    0.21213203435596287,
    -0.4242640687119289,
    -1.4849242404917495,
    0.8485281374238578,
    -0.9899494936611658,
    -0.5656854249492386,
    -1.8384776310850237,
    -1.1313708498984756,
    -0.4242640687119289,
    -1.3435028842544399,
    -0.5656854249492386,
    -0.21213203435596445,
    2.474873734152917,
    0.0,
    1.1313708498984771,
    0.5656854249492386,
    1.555634918610406,
    -1.2020815280171302,
    0.5656854249492386,
    1.3435028842544399,
    -0.21213203435596445,
    -0.9192388155425111,
    -0.6363961030678933,
    0.0,
    0.7071067811865481,
    1.2727922061357866,
    1.7677669529663689,
    0.21213203435596287,
    -1.697056274847714,
    0.4949747468305821,
    0.9192388155425111,
    -0.49497474683058373,
    2.262741699796951
  ],
  "mean_of_means": 1.9926500000000005,
  "stats_of_means": {
    "n": 200,
    "mean": 1.9926500000000005,
    "median": 1.99,
    "variance_sample": 0.02002962562814071,
    "variance_population": 0.019929477500000004,
    "std_dev_population": 0.14117180136273677,
    "std_dev_sample": 0.14152605989053998,
    "min": 1.64,
    "max": 2.39,
    "q1": 1.91,
    "q2": 1.99,
    "q3": 2.08,
    "iqr": 0.17000000000000015,
    "cv_sample": 0.0710240433044137
  },
  "stats_of_normalized": {
    "n": 200,
    "mean": -0.05197234841721131,
    "median": -0.07071067811865482,
    "variance_sample": 1.0014812814070366,
    "variance_population": 0.9964738750000015,
    "std_dev_population": 0.9982353805591152,
    "std_dev_sample": 1.0007403666321433,
    "min": -2.545584412271572,
    "max": 2.757716446627536,
    "q1": -0.6363961030678933,
    "q2": -0.07071067811865482,
    "q3": 0.5656854249492386,
    "iqr": 1.202081528017132,
    "cv_sample": -19.255246243610866
  }
}