{
  "n": 5,
  "reps": 200,
  "means": [
    2.0,
    1.8,
    1.8,
    2.2,
    1.2,
    2.8,
    1.2,
    1.0,
    3.2,
    2.4,
    3.6,
    1.2,
    2.4,
    2.0,
    2.2,
    2.0,
    2.2,
    2.6,
    2.2,
    1.6,
    2.4,
    2.2,
    2.6,
    1.2,
    2.2,
    1.6,
    1.2,
    1.8,
    2.0,
    1.8,
    1.8,
    1.6,
    2.4,
    1.8,
    2.2,
    2.8,
    2.4,
    2.4,
    1.4,
    1.4,
    1.2,
    3.2,
    2.8,
    2.2,
    1.2,
    1.4,
    1.8,
    1.6,
    2.8,
    3.4,
    2.0,
    1.6,
    2.0,
    2.2,
    2.0,
    1.2,
    2.2,
    2.2,
    2.8,
    2.2,
    1.8,
    2.0,
    0.8,
    2.0,
    1.6,
    2.2,
    2.2,
    2.8,
    2.6,
    3.2,
    2.8,
    1.4,
    1.8,
    1.2,
    4.4,
    2.8,
    3.0,
    2.2,
    2.2,
    2.6,
    1.8,
    2.2,
    3.2,
    1.8,
    1.2,
    2.4,
    2.8,
    1.2,
    1.2,
    2.6,
    1.8,
    2.2,
    1.6,
    2.4,
    2.0,
    2.8,
    1.6,
    2.4,
    1.2,
    1.8,
    1.0,
    2.0,
    2.6,
    2.4,
    2.6,
    2.8,
    1.2,
    1.4,
    1.6,
    1.8,
    3.8,
    2.2,
    2.4,
    2.2,
    2.0,
    1.6,
    1.8,
    1.4,
    2.0,
    2.0,
    2.0,
    2.8,
    1.6,
    2.6,
    2.0,
    2.2,
    2.4,
    2.0,
    2.8,
    0.4,
    2.6,
    2.4,
    0.8,
    1.8,
    2.2,
    3.4,
    3.0,
    3.6,
    1.2,
    1.6,
    2.0,
    1.4,
    2.2,
    2.6,
    2.2,
    2.8,
    2.4,
    1.6,
    1.8,
    0.6,
    2.0,
    2.4,
    2.2,
    1.2,
    2.2,
    2.4,
    1.4,
    1.4,
    2.0,
    2.2,
    2.4,
    2.4,
    1.6,
    2.0,
    2.6,
    2.6,
    1.8,
    2.0,
    2.4,
    0.8,
    2.2,
    1.6,
    2.2,
    2.0,
    2.0,
    3.4,
    1.2,
    2.0,
    2.8,
    1.6,
    2.0,
    2.4,
    2.4,
    1.4,
    2.6,
    2.8,
    2.4,
    1.8,
    2.0,
    1.4,
    3.2,
    2.6,
    1.6,
    1.0,
    3.4,
    1.8,
    2.0,
    1.8,
    1.8,
    1.6
  ],
  "normalized": [
    0.0,
    -0.31622776601683783,
    -0.31622776601683783,
    0.3162277660168382,
    -1.2649110640673518,
    1.2649110640673513,
    -1.2649110640673518,
    -1.5811388300841895,
    1.8973665961010278,
    0.6324555320336757,
    2.5298221281347035,
    -1.2649110640673518,
    0.6324555320336757,
    0.0,
    0.3162277660168382,
    0.0,
    0.3162277660168382,
    0.9486832980505139,
    0.3162277660168382,
    -0.6324555320336757,
    0.6324555320336757,
    0.3162277660168382,
    0.9486832980505139,
    -1.2649110640673518,
    0.3162277660168382,
    -0.6324555320336757,
    -1.2649110640673518,
    -0.31622776601683783,
    0.0,
    -0.31622776601683783,
    -0.31622776601683783,
    -0.6324555320336757,
    0.6324555320336757,
    -0.31622776601683783,
    0.3162277660168382,
    1.2649110640673513,
    0.6324555320336757,
    0.6324555320336757,
    -0.9486832980505139,
    -0.9486832980505139,
    -1.2649110640673518,
    1.8973665961010278,
    1.2649110640673513,
    0.3162277660168382,
    -1.2649110640673518,
    -0.9486832980505139,
    -0.31622776601683783,
    -0.6324555320336757,
    1.2649110640673513,
    2.2135943621178655,
    0.0,
    -0.6324555320336757,
    0.0,
    0.3162277660168382,
    0.0,
    -1.2649110640673518,
    0.3162277660168382,
    0.3162277660168382,
    1.2649110640673513,
    0.3162277660168382,
    -0.31622776601683783,
    0.0,
    -1.8973665961010275,
    0.0,
    -0.6324555320336757,
    0.3162277660168382,
    0.3162277660168382,
    1.2649110640673513,
    0.9486832980505139,
    1.8973665961010278,
    1.2649110640673513,
    -0.9486832980505139,
    -0.31622776601683783,
    -1.2649110640673518,
    3.7947331922020555,
    1.2649110640673513,
    1.5811388300841895,
    0.3162277660168382,
    0.3162277660168382,
    0.9486832980505139,
    -0.31622776601683783,
    0.3162277660168382,
    1.8973665961010278,
    -0.31622776601683783,
    -1.2649110640673518,
    0.6324555320336757,
    1.2649110640673513,
    -1.2649110640673518,
    -1.2649110640673518,
    0.9486832980505139,
    -0.31622776601683783,
    0.3162277660168382,
    -0.6324555320336757,
    0.6324555320336757,
    0.0,
    1.2649110640673513,
    -0.6324555320336757,
    0.6324555320336757,
    -1.2649110640673518,
    -0.31622776601683783,
    -1.5811388300841895,
    0.0,
    0.9486832980505139,
    0.6324555320336757,
    0.9486832980505139,
    1.2649110640673513,
    -1.2649110640673518,
    -0.9486832980505139,
    -0.6324555320336757,
    -0.31622776601683783,
    2.846049894151541,
    0.3162277660168382,
    0.6324555320336757,
    0.3162277660168382,
    0.0,
    -0.6324555320336757,
    -0.31622776601683783,
    -0.9486832980505139,
    0.0,
    0.0,
    0.0,
    1.2649110640673513,
    -0.6324555320336757,
    0.9486832980505139,
    0.0,
    0.3162277660168382,
    0.6324555320336757,
    0.0,
    1.2649110640673513,
    -2.5298221281347035,
    0.9486832980505139,
    0.6324555320336757,
    -1.8973665961010275,
    -0.31622776601683783,
    0.3162277660168382,
    2.2135943621178655,
    1.5811388300841895,
    2.5298221281347035,
    -1.2649110640673518,
    -0.6324555320336757,
    0.0,
    -0.9486832980505139,
    0.3162277660168382,
    0.9486832980505139,
    0.3162277660168382,
    1.2649110640673513,
    0.6324555320336757,
    -0.6324555320336757,
    -0.31622776601683783,
    -2.2135943621178655,
    0.0,
    0.6324555320336757,
    0.3162277660168382,
    -1.2649110640673518,
    0.3162277660168382,
    0.6324555320336757,
    -0.9486832980505139,
    -0.9486832980505139,
    0.0,
    0.3162277660168382,
    0.6324555320336757,
    0.6324555320336757,
    -0.6324555320336757,
    0.0,
    0.9486832980505139,
    0.9486832980505139,
    -0.31622776601683783,
    0.0,
    0.6324555320336757,
    -1.8973665961010275,
    0.3162277660168382,
    -0.6324555320336757,
    0.3162277660168382,
    0.0,
    0.0,
    2.2135943621178655,
    -1.2649110640673518,
    0.0,
    1.2649110640673513,
    -0.6324555320336757,
    0.0,
    0.6324555320336757,
    0.6324555320336757,
    -0.9486832980505139,
    0.9486832980505139,
    1.2649110640673513,
    0.6324555320336757,
    -0.31622776601683783,
    0.0,
    -0.9486832980505139,
    1.8973665961010278,
    0.9486832980505139,
    -0.6324555320336757,
    -1.5811388300841895,
    2.2135943621178655,
    -0.31622776601683783,
    0.0,
    -0.31622776601683783,
    -0.31622776601683783,
    -0.6324555320336757
  ],
  "mean_of_means": 2.0769999999999995,
  "stats_of_means": {
    "n": 200,
    "mean": 2.0769999999999995,
    "median": 2.0,
    "variance_sample": 0.4038904522613069,
    "variance_population": 0.40187100000000037,
    "std_dev_population": 0.6339329617554212,
    "std_dev_sample": 0.6355237621531604,
    "min": 0.4,
    "max": 4.4,
    "q1": 1.6,
    "q2": 2.0,
    "q3": 2.4,
    "iqr": 0.7999999999999998,
    "cv_sample": 0.30598158986671187
  },
  "stats_of_normalized": {
    "n": 200,
    "mean": 0.12174768991648262,
    "median": 0.0,
    "variance_sample": 1.0097261306532663,
    "variance_population": 1.0046775000000001,
    "std_dev_population": 1.0023360215017716,
    "std_dev_sample": 1.0048512977815505,
    "min": -2.5298221281347035,
    "max": 3.7947331922020555,
    "q1": -0.6324555320336757,
    "q2": 0.0,
    "q3": 0.6324555320336757,
    "iqr": 1.2649110640673513,
    "cv_sample": 8.253555352638443
  }
}