{
  "n": 50,
  "reps": 200,
  "means": [
    2.16,
    2.16,
    1.8,
    1.86,
    1.78,
    1.94,
    2.02,
    1.96,
    2.0,
    1.98,
    1.88,
    2.16,
    2.02,
    2.12,
    1.9,
    2.22,
    2.18,
    1.92,
    2.56,
    2.16,
    2.04,
    1.92,
    1.8,
    1.92,
    1.86,
    2.0,
    2.04,
    1.94,
    2.18,
    2.26,
    1.82,
    2.16,
    2.12,
    2.18,
    2.08,
    1.86,
    1.72,
    2.14,
    2.06,
    1.88,
    2.12,
    2.06,
    1.96,
    2.0,
    2.1,
    2.08,
    2.0,
    2.02,
    2.16,
    1.94,
    1.88,
    1.86,
    1.84,
    1.84,
    1.52,
    2.04,
    2.02,
    1.86,
    1.92,
    2.38,
    2.14,
    2.42,
    2.14,
    1.76,
    2.28,
    1.84,
    1.6,
    1.96,
    2.06,
    1.86,
    1.98,
    2.26,
    2.18,
    1.9,
    1.88,
    2.14,
    1.9,
    2.02,
    2.04,
    2.06,
    2.32,
    2.04,
    2.26,
    2.06,
    1.88,
    2.32,
    1.7,
    1.78,
    2.0,
    1.88,
    2.22,
    2.16,
    1.94,
    1.72,
    1.58,
    2.28,
    2.04,
    1.68,
    1.74,
    2.12,
    2.12,
    2.04,
    1.82,
    2.0,
    1.98,
    2.16,
    1.72,
    1.78,
    1.88,
    2.1,
    2.14,
    2.12,
    2.14,
    1.62,
    1.86,
    1.88,
    1.56,
    2.08,
    2.36,
    1.72,
    1.54,
    1.88,
    1.72,
    1.72,
    2.12,
    2.14,
    2.3,
    2.18,
    1.9,
    2.02,
    1.94,
    1.8,
    2.42,
    2.0,
    1.82,
    1.96,
    1.68,
    2.14,
    1.92,
    2.08,
    2.06,
    2.1,
    1.86,
    1.92,
    2.04,
    2.14,
    1.98,
    2.26,
    1.88,
    1.8,
    1.96,
    2.38,
    2.02,
    1.92,
    2.0,
    1.98,
    2.06,
    1.78,
    2.06,
    2.04,
    2.14,
    1.82,
    1.9,
    2.12,
    2.0,
    1.78,
    2.24,
    1.7,
    1.68,
    2.02,
    1.94,
    2.12,
    2.38,
    2.36,
    2.18,
    1.96,
    2.04,
    2.44,
    1.98,
    1.96,
    1.84,
    1.72,
    1.82,
    2.02,
    2.38,
    1.96,
    1.82,
    2.3,
    2.02,
    1.86,
    1.88,
    2.22,
    1.74,
    1.86,
    1.84,
    2.02,
    2.2,
    2.06,
    1.52,
    1.84
  ],
  "normalized": [
    0.8000000000000007,
    0.8000000000000007,
    -0.9999999999999998,
    -0.6999999999999995,
    -1.0999999999999999,
    -0.30000000000000027,
    0.10000000000000009,
    -0.20000000000000018,
    0.0,
    -0.10000000000000009,
    -0.6000000000000005,
    0.8000000000000007,
    0.10000000000000009,
    0.6000000000000005,
    -0.5000000000000004,
    1.100000000000001,
    0.9000000000000008,
    -0.40000000000000036,
    2.8000000000000003,
    0.8000000000000007,
    0.20000000000000018,
    -0.40000000000000036,
    -0.9999999999999998,
    -0.40000000000000036,
    -0.6999999999999995,
    0.0,
    0.20000000000000018,
    -0.30000000000000027,
    0.9000000000000008,
    1.299999999999999,
    -0.8999999999999997,
    0.8000000000000007,
    0.6000000000000005,
    0.9000000000000008,
    0.40000000000000036,
    -0.6999999999999995,
    -1.4000000000000001,
    0.7000000000000006,
    0.30000000000000027,
    -0.6000000000000005,
    0.6000000000000005,
    0.30000000000000027,
    -0.20000000000000018,
    0.0,
    0.5000000000000004,
    0.40000000000000036,
    0.0,
    0.10000000000000009,
    0.8000000000000007,
    -0.30000000000000027,
    -0.6000000000000005,
    -0.6999999999999995,
    -0.7999999999999996,
    -0.7999999999999996,
    -2.4,
    0.20000000000000018,
    0.10000000000000009,
    -0.6999999999999995,
    -0.40000000000000036,
    1.8999999999999995,
    0.7000000000000006,
    2.0999999999999996,
    0.7000000000000006,
    -1.2,
    1.399999999999999,
    -0.7999999999999996,
    -1.9999999999999996,
    -0.20000000000000018,
    0.30000000000000027,
    -0.6999999999999995,
    -0.10000000000000009,
    1.299999999999999,
    0.9000000000000008,
    -0.5000000000000004,
    -0.6000000000000005,
    0.7000000000000006,
    -0.5000000000000004,
    0.10000000000000009,
    0.20000000000000018,
    0.30000000000000027,
    1.5999999999999992,
    0.20000000000000018,
    1.299999999999999,
    0.30000000000000027,
    -0.6000000000000005,
    1.5999999999999992,
    -1.5000000000000002,
    -1.0999999999999999,
    0.0,
    -0.6000000000000005,
    1.100000000000001,
    0.8000000000000007,
    -0.30000000000000027,
    -1.4000000000000001,
    -2.0999999999999996,
    1.399999999999999,
    0.20000000000000018,
    -1.6000000000000003,
    -1.3,
    0.6000000000000005,
    0.6000000000000005,
    0.20000000000000018,
    -0.8999999999999997,
    0.0,
    -0.10000000000000009,
    0.8000000000000007,
    -1.4000000000000001,
    -1.0999999999999999,
    -0.6000000000000005,
    0.5000000000000004,
    0.7000000000000006,
    0.6000000000000005,
    0.7000000000000006,
    -1.8999999999999995,
    -0.6999999999999995,
    -0.6000000000000005,
    -2.1999999999999997,
    0.40000000000000036,
    1.7999999999999994,
    -1.4000000000000001,
    -2.3,
    -0.6000000000000005,
    -1.4000000000000001,
    -1.4000000000000001,
    0.6000000000000005,
    0.7000000000000006,
    1.4999999999999991,
    0.9000000000000008,
    -0.5000000000000004,
    0.10000000000000009,
    -0.30000000000000027,
    -0.9999999999999998,
    2.0999999999999996,
    0.0,
    -0.8999999999999997,
    -0.20000000000000018,
    -1.6000000000000003,
    0.7000000000000006,
    -0.40000000000000036,
    0.40000000000000036,
    0.30000000000000027,
    0.5000000000000004,
    -0.6999999999999995,
    -0.40000000000000036,
    0.20000000000000018,
    0.7000000000000006,
    -0.10000000000000009,
    1.299999999999999,
    -0.6000000000000005,
    -0.9999999999999998,
    -0.20000000000000018,
    1.8999999999999995,
    0.10000000000000009,
    -0.40000000000000036,
    0.0,
    -0.10000000000000009,
    0.30000000000000027,
    -1.0999999999999999,
    0.30000000000000027,
    0.20000000000000018,
    0.7000000000000006,
    -0.8999999999999997,
    -0.5000000000000004,
    0.6000000000000005,
    0.0,
    -1.0999999999999999,
    1.200000000000001,
    -1.5000000000000002,
    -1.6000000000000003,
    0.10000000000000009,
    -0.30000000000000027,
    0.6000000000000005,
    1.8999999999999995,
    1.7999999999999994,
    0.9000000000000008,
    -0.20000000000000018,
    0.20000000000000018,
    2.1999999999999997,
    -0.10000000000000009,
    -0.20000000000000018,
    -0.7999999999999996,
    -1.4000000000000001,
    -0.8999999999999997,
    0.10000000000000009,
    1.8999999999999995,
    -0.20000000000000018,
    -0.8999999999999997,
    1.4999999999999991,
    0.10000000000000009,
    -0.6999999999999995,
    -0.6000000000000005,
    1.100000000000001,
    -1.3,
    -0.6999999999999995,
    -0.7999999999999996,
    0.10000000000000009,
    1.0000000000000009,
    0.30000000000000027,
    -2.4,
    -0.7999999999999996
  ],
  "mean_of_means": 1.9938999999999991,
  "stats_of_means": {
    "n": 200,
    "mean": 1.9938999999999991,
    "median": 2.0,
    "variance_sample": 0.03713044221105529,
    "variance_population": 0.03694479000000002,
    "std_dev_population": 0.19221027547974645,
    "std_dev_sample": 0.19269261068098925,
    "min": 1.52,
    "max": 2.56,
    "q1": 1.86,
    "q2": 2.0,
    "q3": 2.12,
    "iqr": 0.26,
    "cv_sample": 0.09664106057524918
  },
  "stats_of_normalized": {
    "n": 200,
    "mean": -0.030499999999999944,
    "median": 0.0,
    "variance_sample": 0.9282610552763816,
    "variance_population": 0.9236197499999997,
    "std_dev_population": 0.9610513773987318,
    "std_dev_sample": 0.9634630534049459,
    "min": -2.4,
    "max": 2.8000000000000003,
    "q1": -0.6999999999999995,
    "q2": 0.0,
    "q3": 0.6000000000000005,
    "iqr": 1.3,
    "cv_sample": -31.588952570654023
  }
}