{
  "n": 100,
  "data": [
    3.0,
    3.0,
    1.0,
    2.0,
    3.0,
    3.0,
    2.0,
    3.0,
    2.0,
    1.0,
    1.0,
    1.0,
    2.0,
    4.0,
    1.0,
    3.0,
    2.0,
    0.0,
    1.0,
    2.0,
    5.0,
    3.0,
    2.0,
    4.0,
    5.0,
    3.0,
    2.0,
    3.0,
    2.0,
    1.0,
    2.0,
    4.0,
    3.0,
    3.0,
    2.0,
    1.0,
    4.0,
    0.0,
    0.0,
    1.0,
    1.0,
    2.0,
    2.0,
    0.0,
    2.0,
    0.0,
    1.0,
    1.0,
    2.0,
    1.0,
    0.0,
    2.0,
    2.0,
    1.0,
    3.0,
    4.0,
    4.0,
    4.0,
    2.0,
    1.0,
    0.0,
    0.0,
    4.0,
    2.0,
    0.0,
    5.0,
    4.0,
    0.0,
    3.0,
    1.0,
    2.0,
    0.0,
    2.0,
    0.0,
    2.0,
    4.0,
    0.0,
    2.0,
    3.0,
    1.0,
    0.0,
    1.0,
    5.0,
    2.0,
    1.0,
    3.0,
    2.0,
    3.0,
    1.0,
    0.0,
    3.0,
    3.0,
    5.0,
    2.0,
    3.0,
    2.0,
    2.0,
    3.0,
    1.0,
    3.0
  ],
  "stats": {
    "n": 100,
    "mean": 2.05,
    "median": 2.0,
    "variance_sample": 1.8863636363636351,
    "variance_population": 1.8674999999999988,
    "std_dev_population": 1.3665650368716444,
    "std_dev_sample": 1.373449539067102,
    "min": 0.0,
    "max": 5.0,
    "q1": 1.0,
    "q2": 2.0,
    "q3": 3.0,
    "iqr": 2.0,
    "cv_sample": 0.6699753849107816
  }
}